{"cameraMode":{"drawMode":0,"name":"Shaded","section":"Shading Mode"},"sceneLighting":true,"audioPlay":false,"sceneViewState":{"m_AlwaysRefresh":false,"showFog":true,"showSkybox":true,"showFlares":true,"showImageEffects":true,"showParticleSystems":true,"showVisualEffectGraphs":true,"m_FxEnabled":true},"in2DMode":false,"pivot":{"x":-0.8499035239219666,"y":-0.4240087866783142,"z":-1.861978530883789},"rotation":{"x":0.28917649388313296,"y":0.014358977787196637,"z":-0.004336160607635975,"w":0.95716792345047},"size":4.7386016845703129,"orthographic":true}