{"cameraMode":{"drawMode":0,"name":"Shaded","section":"Shading Mode"},"sceneLighting":true,"audioPlay":false,"sceneViewState":{"m_AlwaysRefresh":false,"showFog":true,"showSkybox":true,"showFlares":true,"showImageEffects":true,"showParticleSystems":true,"showVisualEffectGraphs":true,"m_FxEnabled":true},"in2DMode":false,"pivot":{"x":0.12405981123447418,"y":1.0995416641235352,"z":-4.562861442565918},"rotation":{"x":0.004617327358573675,"y":0.9702863693237305,"z":-0.24151074886322022,"w":0.01940334029495716},"size":8.091574668884278,"orthographic":true}